{"cameraMode":{"drawMode":0,"name":"Shaded","section":"Shading Mode"},"sceneLighting":false,"audioPlay":false,"sceneViewState":{"showFog":true,"showMaterialUpdate":false,"showSkybox":false,"showFlares":true,"showImageEffects":true,"showParticleSystems":true},"in2DMode":false,"pivot":{"x":0.0,"y":0.5100002288818359,"z":11.420000076293946},"rotation":{"x":0.09303086251020432,"y":-0.8996394872665405,"z":0.35600367188453677,"w":0.23509690165519715},"size":23.39278793334961,"orthographic":false}